<annotation>
	<folder>original_data</folder>
	<filename>f_A_C_1_R_16.jpg</filename>
	<path>/home/srjung/factory_data/original_data/f_A_C_1_R_16.jpg</path>
	<source>
		<database>Unknown</database>
	</source>
	<size>
		<width>537</width>
		<height>358</height>
		<depth>3</depth>
	</size>
	<segmented>0</segmented>
	<object>
		<name>without_helmet</name>
		<pose>Unspecified</pose>
		<truncated>0</truncated>
		<difficult>0</difficult>
		<bndbox>
			<xmin>191</xmin>
			<ymin>107</ymin>
			<xmax>212</xmax>
			<ymax>132</ymax>
		</bndbox>
	</object>
	<object>
		<name>without_helmet</name>
		<pose>Unspecified</pose>
		<truncated>0</truncated>
		<difficult>0</difficult>
		<bndbox>
			<xmin>288</xmin>
			<ymin>123</ymin>
			<xmax>299</xmax>
			<ymax>136</ymax>
		</bndbox>
	</object>
	<object>
		<name>without_helmet</name>
		<pose>Unspecified</pose>
		<truncated>0</truncated>
		<difficult>0</difficult>
		<bndbox>
			<xmin>307</xmin>
			<ymin>133</ymin>
			<xmax>354</xmax>
			<ymax>178</ymax>
		</bndbox>
	</object>
	<object>
		<name>without_helmet</name>
		<pose>Unspecified</pose>
		<truncated>0</truncated>
		<difficult>0</difficult>
		<bndbox>
			<xmin>469</xmin>
			<ymin>115</ymin>
			<xmax>484</xmax>
			<ymax>132</ymax>
		</bndbox>
	</object>
</annotation>
