<annotation>
	<folder>original_data</folder>
	<filename>f_A_C_1_R_50.jpg</filename>
	<path>/home/srjung/factory_data/original_data/f_A_C_1_R_50.jpg</path>
	<source>
		<database>Unknown</database>
	</source>
	<size>
		<width>1140</width>
		<height>940</height>
		<depth>3</depth>
	</size>
	<segmented>0</segmented>
	<object>
		<name>with_helmet</name>
		<pose>Unspecified</pose>
		<truncated>0</truncated>
		<difficult>0</difficult>
		<bndbox>
			<xmin>176</xmin>
			<ymin>91</ymin>
			<xmax>394</xmax>
			<ymax>405</ymax>
		</bndbox>
	</object>
	<object>
		<name>with_helmet</name>
		<pose>Unspecified</pose>
		<truncated>0</truncated>
		<difficult>0</difficult>
		<bndbox>
			<xmin>464</xmin>
			<ymin>139</ymin>
			<xmax>734</xmax>
			<ymax>447</ymax>
		</bndbox>
	</object>
</annotation>
