<annotation>
	<folder>original_data</folder>
	<filename>f_A_C_1_R_49.jpg</filename>
	<path>/home/srjung/factory_data/original_data/f_A_C_1_R_49.jpg</path>
	<source>
		<database>Unknown</database>
	</source>
	<size>
		<width>600</width>
		<height>399</height>
		<depth>3</depth>
	</size>
	<segmented>0</segmented>
	<object>
		<name>with_helmet</name>
		<pose>Unspecified</pose>
		<truncated>0</truncated>
		<difficult>0</difficult>
		<bndbox>
			<xmin>111</xmin>
			<ymin>51</ymin>
			<xmax>175</xmax>
			<ymax>136</ymax>
		</bndbox>
	</object>
	<object>
		<name>with_helmet</name>
		<pose>Unspecified</pose>
		<truncated>0</truncated>
		<difficult>0</difficult>
		<bndbox>
			<xmin>186</xmin>
			<ymin>106</ymin>
			<xmax>220</xmax>
			<ymax>152</ymax>
		</bndbox>
	</object>
	<object>
		<name>with_helmet</name>
		<pose>Unspecified</pose>
		<truncated>0</truncated>
		<difficult>0</difficult>
		<bndbox>
			<xmin>6</xmin>
			<ymin>130</ymin>
			<xmax>32</xmax>
			<ymax>166</ymax>
		</bndbox>
	</object>
</annotation>
