<annotation>
	<folder>original_data</folder>
	<filename>f_A_C_1_R_35.jpg</filename>
	<path>/home/srjung/factory_data/original_data/f_A_C_1_R_35.jpg</path>
	<source>
		<database>Unknown</database>
	</source>
	<size>
		<width>300</width>
		<height>168</height>
		<depth>3</depth>
	</size>
	<segmented>0</segmented>
	<object>
		<name>with_helmet</name>
		<pose>Unspecified</pose>
		<truncated>0</truncated>
		<difficult>0</difficult>
		<bndbox>
			<xmin>154</xmin>
			<ymin>25</ymin>
			<xmax>171</xmax>
			<ymax>48</ymax>
		</bndbox>
	</object>
	<object>
		<name>with_helmet</name>
		<pose>Unspecified</pose>
		<truncated>0</truncated>
		<difficult>0</difficult>
		<bndbox>
			<xmin>176</xmin>
			<ymin>14</ymin>
			<xmax>198</xmax>
			<ymax>44</ymax>
		</bndbox>
	</object>
	<object>
		<name>with_helmet</name>
		<pose>Unspecified</pose>
		<truncated>0</truncated>
		<difficult>0</difficult>
		<bndbox>
			<xmin>100</xmin>
			<ymin>31</ymin>
			<xmax>125</xmax>
			<ymax>54</ymax>
		</bndbox>
	</object>
</annotation>
