<annotation>
	<folder>original_data</folder>
	<filename>f_A_C_1_R_28.jpg</filename>
	<path>/home/srjung/factory_data/original_data/f_A_C_1_R_28.jpg</path>
	<source>
		<database>Unknown</database>
	</source>
	<size>
		<width>299</width>
		<height>168</height>
		<depth>3</depth>
	</size>
	<segmented>0</segmented>
	<object>
		<name>with_helmet</name>
		<pose>Unspecified</pose>
		<truncated>0</truncated>
		<difficult>0</difficult>
		<bndbox>
			<xmin>45</xmin>
			<ymin>32</ymin>
			<xmax>100</xmax>
			<ymax>85</ymax>
		</bndbox>
	</object>
	<object>
		<name>with_helmet</name>
		<pose>Unspecified</pose>
		<truncated>0</truncated>
		<difficult>0</difficult>
		<bndbox>
			<xmin>198</xmin>
			<ymin>10</ymin>
			<xmax>250</xmax>
			<ymax>71</ymax>
		</bndbox>
	</object>
</annotation>
