<annotation>
	<folder>original_data</folder>
	<filename>f_A_C_1_R_48.jpg</filename>
	<path>/home/srjung/factory_data/original_data/f_A_C_1_R_48.jpg</path>
	<source>
		<database>Unknown</database>
	</source>
	<size>
		<width>600</width>
		<height>420</height>
		<depth>3</depth>
	</size>
	<segmented>0</segmented>
	<object>
		<name>with_helmet</name>
		<pose>Unspecified</pose>
		<truncated>0</truncated>
		<difficult>0</difficult>
		<bndbox>
			<xmin>290</xmin>
			<ymin>18</ymin>
			<xmax>361</xmax>
			<ymax>120</ymax>
		</bndbox>
	</object>
	<object>
		<name>without_helmet</name>
		<pose>Unspecified</pose>
		<truncated>0</truncated>
		<difficult>0</difficult>
		<bndbox>
			<xmin>387</xmin>
			<ymin>83</ymin>
			<xmax>481</xmax>
			<ymax>193</ymax>
		</bndbox>
	</object>
</annotation>
