<annotation>
	<folder>original_data</folder>
	<filename>f_A_C_1_R_31.jpg</filename>
	<path>/home/srjung/factory_data/original_data/f_A_C_1_R_31.jpg</path>
	<source>
		<database>Unknown</database>
	</source>
	<size>
		<width>260</width>
		<height>194</height>
		<depth>3</depth>
	</size>
	<segmented>0</segmented>
	<object>
		<name>with_helmet</name>
		<pose>Unspecified</pose>
		<truncated>0</truncated>
		<difficult>0</difficult>
		<bndbox>
			<xmin>111</xmin>
			<ymin>149</ymin>
			<xmax>132</xmax>
			<ymax>177</ymax>
		</bndbox>
	</object>
	<object>
		<name>with_helmet</name>
		<pose>Unspecified</pose>
		<truncated>0</truncated>
		<difficult>0</difficult>
		<bndbox>
			<xmin>68</xmin>
			<ymin>150</ymin>
			<xmax>79</xmax>
			<ymax>160</ymax>
		</bndbox>
	</object>
	<object>
		<name>with_helmet</name>
		<pose>Unspecified</pose>
		<truncated>0</truncated>
		<difficult>0</difficult>
		<bndbox>
			<xmin>105</xmin>
			<ymin>144</ymin>
			<xmax>113</xmax>
			<ymax>155</ymax>
		</bndbox>
	</object>
	<object>
		<name>with_helmet</name>
		<pose>Unspecified</pose>
		<truncated>0</truncated>
		<difficult>0</difficult>
		<bndbox>
			<xmin>83</xmin>
			<ymin>151</ymin>
			<xmax>92</xmax>
			<ymax>159</ymax>
		</bndbox>
	</object>
</annotation>
