<annotation>
	<folder>original_data</folder>
	<filename>f_A_C_1_R_5.jpg</filename>
	<path>/home/srjung/factory_data/original_data/f_A_C_1_R_5.jpg</path>
	<source>
		<database>Unknown</database>
	</source>
	<size>
		<width>778</width>
		<height>559</height>
		<depth>3</depth>
	</size>
	<segmented>0</segmented>
	<object>
		<name>without_helmet</name>
		<pose>Unspecified</pose>
		<truncated>0</truncated>
		<difficult>0</difficult>
		<bndbox>
			<xmin>674</xmin>
			<ymin>176</ymin>
			<xmax>701</xmax>
			<ymax>208</ymax>
		</bndbox>
	</object>
	<object>
		<name>without_helmet</name>
		<pose>Unspecified</pose>
		<truncated>0</truncated>
		<difficult>0</difficult>
		<bndbox>
			<xmin>745</xmin>
			<ymin>198</ymin>
			<xmax>758</xmax>
			<ymax>210</ymax>
		</bndbox>
	</object>
</annotation>
