<annotation>
	<folder>original_data</folder>
	<filename>f_A_C_1_R_2.jpg</filename>
	<path>/home/srjung/factory_data/original_data/f_A_C_1_R_2.jpg</path>
	<source>
		<database>Unknown</database>
	</source>
	<size>
		<width>592</width>
		<height>374</height>
		<depth>3</depth>
	</size>
	<segmented>0</segmented>
	<object>
		<name>with_helmet</name>
		<pose>Unspecified</pose>
		<truncated>0</truncated>
		<difficult>0</difficult>
		<bndbox>
			<xmin>273</xmin>
			<ymin>49</ymin>
			<xmax>332</xmax>
			<ymax>139</ymax>
		</bndbox>
	</object>
	<object>
		<name>with_helmet</name>
		<pose>Unspecified</pose>
		<truncated>0</truncated>
		<difficult>0</difficult>
		<bndbox>
			<xmin>377</xmin>
			<ymin>48</ymin>
			<xmax>455</xmax>
			<ymax>145</ymax>
		</bndbox>
	</object>
	<object>
		<name>with_helmet</name>
		<pose>Unspecified</pose>
		<truncated>0</truncated>
		<difficult>0</difficult>
		<bndbox>
			<xmin>116</xmin>
			<ymin>110</ymin>
			<xmax>147</xmax>
			<ymax>138</ymax>
		</bndbox>
	</object>
</annotation>
