<annotation>
	<folder>original_data</folder>
	<filename>f_A_C_1_R_33.jpg</filename>
	<path>/home/srjung/factory_data/original_data/f_A_C_1_R_33.jpg</path>
	<source>
		<database>Unknown</database>
	</source>
	<size>
		<width>647</width>
		<height>376</height>
		<depth>3</depth>
	</size>
	<segmented>0</segmented>
	<object>
		<name>without_helmet</name>
		<pose>Unspecified</pose>
		<truncated>0</truncated>
		<difficult>0</difficult>
		<bndbox>
			<xmin>380</xmin>
			<ymin>91</ymin>
			<xmax>412</xmax>
			<ymax>128</ymax>
		</bndbox>
	</object>
	<object>
		<name>without_helmet</name>
		<pose>Unspecified</pose>
		<truncated>0</truncated>
		<difficult>0</difficult>
		<bndbox>
			<xmin>480</xmin>
			<ymin>101</ymin>
			<xmax>503</xmax>
			<ymax>127</ymax>
		</bndbox>
	</object>
</annotation>
