<annotation>
	<folder>original_data</folder>
	<filename>f_A_C_1_R_11.jpg</filename>
	<path>/home/srjung/factory_data/original_data/f_A_C_1_R_11.jpg</path>
	<source>
		<database>Unknown</database>
	</source>
	<size>
		<width>743</width>
		<height>455</height>
		<depth>3</depth>
	</size>
	<segmented>0</segmented>
	<object>
		<name>without_helmet</name>
		<pose>Unspecified</pose>
		<truncated>0</truncated>
		<difficult>0</difficult>
		<bndbox>
			<xmin>424</xmin>
			<ymin>120</ymin>
			<xmax>471</xmax>
			<ymax>183</ymax>
		</bndbox>
	</object>
</annotation>
