<annotation>
	<folder>original_data</folder>
	<filename>f_A_C_1_R_24.jpg</filename>
	<path>/home/srjung/factory_data/original_data/f_A_C_1_R_24.jpg</path>
	<source>
		<database>Unknown</database>
	</source>
	<size>
		<width>259</width>
		<height>194</height>
		<depth>3</depth>
	</size>
	<segmented>0</segmented>
	<object>
		<name>with_helmet</name>
		<pose>Unspecified</pose>
		<truncated>0</truncated>
		<difficult>0</difficult>
		<bndbox>
			<xmin>65</xmin>
			<ymin>88</ymin>
			<xmax>103</xmax>
			<ymax>124</ymax>
		</bndbox>
	</object>
	<object>
		<name>with_helmet</name>
		<pose>Unspecified</pose>
		<truncated>0</truncated>
		<difficult>0</difficult>
		<bndbox>
			<xmin>41</xmin>
			<ymin>50</ymin>
			<xmax>50</xmax>
			<ymax>61</ymax>
		</bndbox>
	</object>
</annotation>
