<annotation>
	<folder>original_data</folder>
	<filename>f_A_C_1_R_40.jpg</filename>
	<path>/home/srjung/factory_data/original_data/f_A_C_1_R_40.jpg</path>
	<source>
		<database>Unknown</database>
	</source>
	<size>
		<width>275</width>
		<height>183</height>
		<depth>3</depth>
	</size>
	<segmented>0</segmented>
	<object>
		<name>with_helmet</name>
		<pose>Unspecified</pose>
		<truncated>0</truncated>
		<difficult>0</difficult>
		<bndbox>
			<xmin>81</xmin>
			<ymin>2</ymin>
			<xmax>106</xmax>
			<ymax>35</ymax>
		</bndbox>
	</object>
	<object>
		<name>with_helmet</name>
		<pose>Unspecified</pose>
		<truncated>0</truncated>
		<difficult>0</difficult>
		<bndbox>
			<xmin>129</xmin>
			<ymin>17</ymin>
			<xmax>150</xmax>
			<ymax>48</ymax>
		</bndbox>
	</object>
</annotation>
