<annotation>
	<folder>original_data</folder>
	<filename>f_A_C_1_R_21.jpg</filename>
	<path>/home/srjung/factory_data/original_data/f_A_C_1_R_21.jpg</path>
	<source>
		<database>Unknown</database>
	</source>
	<size>
		<width>640</width>
		<height>433</height>
		<depth>3</depth>
	</size>
	<segmented>0</segmented>
	<object>
		<name>without_helmet</name>
		<pose>Unspecified</pose>
		<truncated>0</truncated>
		<difficult>0</difficult>
		<bndbox>
			<xmin>484</xmin>
			<ymin>249</ymin>
			<xmax>527</xmax>
			<ymax>290</ymax>
		</bndbox>
	</object>
	<object>
		<name>without_helmet</name>
		<pose>Unspecified</pose>
		<truncated>0</truncated>
		<difficult>0</difficult>
		<bndbox>
			<xmin>556</xmin>
			<ymin>234</ymin>
			<xmax>594</xmax>
			<ymax>279</ymax>
		</bndbox>
	</object>
</annotation>
