<annotation>
	<folder>original_data</folder>
	<filename>f_A_C_1_R_15.JPG</filename>
	<path>/home/srjung/factory_data/original_data/f_A_C_1_R_15.JPG</path>
	<source>
		<database>Unknown</database>
	</source>
	<size>
		<width>606</width>
		<height>338</height>
		<depth>3</depth>
	</size>
	<segmented>0</segmented>
	<object>
		<name>with_helmet</name>
		<pose>Unspecified</pose>
		<truncated>0</truncated>
		<difficult>0</difficult>
		<bndbox>
			<xmin>147</xmin>
			<ymin>44</ymin>
			<xmax>245</xmax>
			<ymax>164</ymax>
		</bndbox>
	</object>
	<object>
		<name>with_helmet</name>
		<pose>Unspecified</pose>
		<truncated>0</truncated>
		<difficult>0</difficult>
		<bndbox>
			<xmin>337</xmin>
			<ymin>47</ymin>
			<xmax>455</xmax>
			<ymax>185</ymax>
		</bndbox>
	</object>
	<object>
		<name>with_helmet</name>
		<pose>Unspecified</pose>
		<truncated>0</truncated>
		<difficult>0</difficult>
		<bndbox>
			<xmin>278</xmin>
			<ymin>92</ymin>
			<xmax>328</xmax>
			<ymax>169</ymax>
		</bndbox>
	</object>
	<object>
		<name>with_helmet</name>
		<pose>Unspecified</pose>
		<truncated>0</truncated>
		<difficult>0</difficult>
		<bndbox>
			<xmin>527</xmin>
			<ymin>69</ymin>
			<xmax>562</xmax>
			<ymax>120</ymax>
		</bndbox>
	</object>
	<object>
		<name>with_helmet</name>
		<pose>Unspecified</pose>
		<truncated>0</truncated>
		<difficult>0</difficult>
		<bndbox>
			<xmin>492</xmin>
			<ymin>102</ymin>
			<xmax>516</xmax>
			<ymax>127</ymax>
		</bndbox>
	</object>
	<object>
		<name>with_helmet</name>
		<pose>Unspecified</pose>
		<truncated>1</truncated>
		<difficult>0</difficult>
		<bndbox>
			<xmin>568</xmin>
			<ymin>86</ymin>
			<xmax>606</xmax>
			<ymax>123</ymax>
		</bndbox>
	</object>
	<object>
		<name>with_helmet</name>
		<pose>Unspecified</pose>
		<truncated>0</truncated>
		<difficult>0</difficult>
		<bndbox>
			<xmin>321</xmin>
			<ymin>92</ymin>
			<xmax>358</xmax>
			<ymax>146</ymax>
		</bndbox>
	</object>
	<object>
		<name>with_helmet</name>
		<pose>Unspecified</pose>
		<truncated>0</truncated>
		<difficult>0</difficult>
		<bndbox>
			<xmin>247</xmin>
			<ymin>90</ymin>
			<xmax>271</xmax>
			<ymax>131</ymax>
		</bndbox>
	</object>
</annotation>
