<annotation>
	<folder>original_data</folder>
	<filename>f_A_C_1_R_17.jpg</filename>
	<path>/home/srjung/factory_data/original_data/f_A_C_1_R_17.jpg</path>
	<source>
		<database>Unknown</database>
	</source>
	<size>
		<width>540</width>
		<height>405</height>
		<depth>3</depth>
	</size>
	<segmented>0</segmented>
	<object>
		<name>with_helmet</name>
		<pose>Unspecified</pose>
		<truncated>0</truncated>
		<difficult>0</difficult>
		<bndbox>
			<xmin>326</xmin>
			<ymin>184</ymin>
			<xmax>381</xmax>
			<ymax>249</ymax>
		</bndbox>
	</object>
	<object>
		<name>with_helmet</name>
		<pose>Unspecified</pose>
		<truncated>0</truncated>
		<difficult>0</difficult>
		<bndbox>
			<xmin>98</xmin>
			<ymin>158</ymin>
			<xmax>124</xmax>
			<ymax>187</ymax>
		</bndbox>
	</object>
</annotation>
