<annotation>
	<folder>original_data</folder>
	<filename>f_A_C_1_R_20.jpg</filename>
	<path>/home/srjung/factory_data/original_data/f_A_C_1_R_20.jpg</path>
	<source>
		<database>Unknown</database>
	</source>
	<size>
		<width>640</width>
		<height>396</height>
		<depth>3</depth>
	</size>
	<segmented>0</segmented>
	<object>
		<name>without_helmet</name>
		<pose>Unspecified</pose>
		<truncated>0</truncated>
		<difficult>0</difficult>
		<bndbox>
			<xmin>49</xmin>
			<ymin>61</ymin>
			<xmax>118</xmax>
			<ymax>148</ymax>
		</bndbox>
	</object>
	<object>
		<name>without_helmet</name>
		<pose>Unspecified</pose>
		<truncated>0</truncated>
		<difficult>0</difficult>
		<bndbox>
			<xmin>519</xmin>
			<ymin>114</ymin>
			<xmax>561</xmax>
			<ymax>157</ymax>
		</bndbox>
	</object>
	<object>
		<name>without_helmet</name>
		<pose>Unspecified</pose>
		<truncated>1</truncated>
		<difficult>0</difficult>
		<bndbox>
			<xmin>590</xmin>
			<ymin>87</ymin>
			<xmax>640</xmax>
			<ymax>148</ymax>
		</bndbox>
	</object>
</annotation>
