<annotation>
	<folder>original_data</folder>
	<filename>f_A_C_1_R_18.jpg</filename>
	<path>/home/srjung/factory_data/original_data/f_A_C_1_R_18.jpg</path>
	<source>
		<database>Unknown</database>
	</source>
	<size>
		<width>464</width>
		<height>448</height>
		<depth>3</depth>
	</size>
	<segmented>0</segmented>
	<object>
		<name>with_helmet</name>
		<pose>Unspecified</pose>
		<truncated>0</truncated>
		<difficult>0</difficult>
		<bndbox>
			<xmin>144</xmin>
			<ymin>153</ymin>
			<xmax>197</xmax>
			<ymax>211</ymax>
		</bndbox>
	</object>
	<object>
		<name>with_helmet</name>
		<pose>Unspecified</pose>
		<truncated>0</truncated>
		<difficult>0</difficult>
		<bndbox>
			<xmin>282</xmin>
			<ymin>143</ymin>
			<xmax>333</xmax>
			<ymax>210</ymax>
		</bndbox>
	</object>
</annotation>
