<annotation>
	<folder>original_data</folder>
	<filename>f_A_C_1_R_6.jpg</filename>
	<path>/home/srjung/factory_data/original_data/f_A_C_1_R_6.jpg</path>
	<source>
		<database>Unknown</database>
	</source>
	<size>
		<width>602</width>
		<height>379</height>
		<depth>3</depth>
	</size>
	<segmented>0</segmented>
	<object>
		<name>with_helmet</name>
		<pose>Unspecified</pose>
		<truncated>0</truncated>
		<difficult>0</difficult>
		<bndbox>
			<xmin>189</xmin>
			<ymin>96</ymin>
			<xmax>238</xmax>
			<ymax>158</ymax>
		</bndbox>
	</object>
	<object>
		<name>without_helmet</name>
		<pose>Unspecified</pose>
		<truncated>0</truncated>
		<difficult>0</difficult>
		<bndbox>
			<xmin>473</xmin>
			<ymin>174</ymin>
			<xmax>486</xmax>
			<ymax>184</ymax>
		</bndbox>
	</object>
</annotation>
