<annotation>
	<folder>original_data</folder>
	<filename>f_A_C_1_R_29.jpg</filename>
	<path>/home/srjung/factory_data/original_data/f_A_C_1_R_29.jpg</path>
	<source>
		<database>Unknown</database>
	</source>
	<size>
		<width>654</width>
		<height>501</height>
		<depth>3</depth>
	</size>
	<segmented>0</segmented>
	<object>
		<name>with_helmet</name>
		<pose>Unspecified</pose>
		<truncated>1</truncated>
		<difficult>0</difficult>
		<bndbox>
			<xmin>136</xmin>
			<ymin>1</ymin>
			<xmax>343</xmax>
			<ymax>236</ymax>
		</bndbox>
	</object>
	<object>
		<name>with_helmet</name>
		<pose>Unspecified</pose>
		<truncated>0</truncated>
		<difficult>0</difficult>
		<bndbox>
			<xmin>305</xmin>
			<ymin>93</ymin>
			<xmax>446</xmax>
			<ymax>314</ymax>
		</bndbox>
	</object>
</annotation>
