<annotation>
	<folder>original_data</folder>
	<filename>f_A_C_1_R_26.jpg</filename>
	<path>/home/srjung/factory_data/original_data/f_A_C_1_R_26.jpg</path>
	<source>
		<database>Unknown</database>
	</source>
	<size>
		<width>275</width>
		<height>183</height>
		<depth>3</depth>
	</size>
	<segmented>0</segmented>
	<object>
		<name>without_helmet</name>
		<pose>Unspecified</pose>
		<truncated>0</truncated>
		<difficult>0</difficult>
		<bndbox>
			<xmin>24</xmin>
			<ymin>6</ymin>
			<xmax>71</xmax>
			<ymax>65</ymax>
		</bndbox>
	</object>
	<object>
		<name>without_helmet</name>
		<pose>Unspecified</pose>
		<truncated>0</truncated>
		<difficult>0</difficult>
		<bndbox>
			<xmin>187</xmin>
			<ymin>39</ymin>
			<xmax>207</xmax>
			<ymax>65</ymax>
		</bndbox>
	</object>
</annotation>
