<annotation>
	<folder>original_data</folder>
	<filename>f_A_C_1_R_25.jpg</filename>
	<path>/home/srjung/factory_data/original_data/f_A_C_1_R_25.jpg</path>
	<source>
		<database>Unknown</database>
	</source>
	<size>
		<width>275</width>
		<height>183</height>
		<depth>3</depth>
	</size>
	<segmented>0</segmented>
	<object>
		<name>without_helmet</name>
		<pose>Unspecified</pose>
		<truncated>0</truncated>
		<difficult>0</difficult>
		<bndbox>
			<xmin>223</xmin>
			<ymin>43</ymin>
			<xmax>236</xmax>
			<ymax>57</ymax>
		</bndbox>
	</object>
	<object>
		<name>without_helmet</name>
		<pose>Unspecified</pose>
		<truncated>0</truncated>
		<difficult>0</difficult>
		<bndbox>
			<xmin>85</xmin>
			<ymin>61</ymin>
			<xmax>104</xmax>
			<ymax>81</ymax>
		</bndbox>
	</object>
</annotation>
