<annotation>
	<folder>original_data</folder>
	<filename>f_A_C_1_R_12.JPG</filename>
	<path>/home/srjung/factory_data/original_data/f_A_C_1_R_12.JPG</path>
	<source>
		<database>Unknown</database>
	</source>
	<size>
		<width>623</width>
		<height>360</height>
		<depth>3</depth>
	</size>
	<segmented>0</segmented>
	<object>
		<name>with_helmet</name>
		<pose>Unspecified</pose>
		<truncated>0</truncated>
		<difficult>0</difficult>
		<bndbox>
			<xmin>327</xmin>
			<ymin>15</ymin>
			<xmax>465</xmax>
			<ymax>171</ymax>
		</bndbox>
	</object>
</annotation>
