<annotation>
	<folder>original_data</folder>
	<filename>f_A_C_1_R_1.jpg</filename>
	<path>/home/srjung/factory_data/original_data/f_A_C_1_R_1.jpg</path>
	<source>
		<database>Unknown</database>
	</source>
	<size>
		<width>803</width>
		<height>498</height>
		<depth>3</depth>
	</size>
	<segmented>0</segmented>
	<object>
		<name>with_helmet</name>
		<pose>Unspecified</pose>
		<truncated>0</truncated>
		<difficult>0</difficult>
		<bndbox>
			<xmin>105</xmin>
			<ymin>159</ymin>
			<xmax>189</xmax>
			<ymax>268</ymax>
		</bndbox>
	</object>
	<object>
		<name>with_helmet</name>
		<pose>Unspecified</pose>
		<truncated>0</truncated>
		<difficult>0</difficult>
		<bndbox>
			<xmin>15</xmin>
			<ymin>68</ymin>
			<xmax>49</xmax>
			<ymax>109</ymax>
		</bndbox>
	</object>
	<object>
		<name>with_helmet</name>
		<pose>Unspecified</pose>
		<truncated>0</truncated>
		<difficult>0</difficult>
		<bndbox>
			<xmin>218</xmin>
			<ymin>90</ymin>
			<xmax>255</xmax>
			<ymax>131</ymax>
		</bndbox>
	</object>
	<object>
		<name>with_helmet</name>
		<pose>Unspecified</pose>
		<truncated>0</truncated>
		<difficult>0</difficult>
		<bndbox>
			<xmin>411</xmin>
			<ymin>95</ymin>
			<xmax>458</xmax>
			<ymax>144</ymax>
		</bndbox>
	</object>
	<object>
		<name>with_helmet</name>
		<pose>Unspecified</pose>
		<truncated>0</truncated>
		<difficult>0</difficult>
		<bndbox>
			<xmin>725</xmin>
			<ymin>109</ymin>
			<xmax>785</xmax>
			<ymax>173</ymax>
		</bndbox>
	</object>
</annotation>
