<annotation>
	<folder>original_data</folder>
	<filename>f_A_C_1_R_13.jpg</filename>
	<path>/home/srjung/factory_data/original_data/f_A_C_1_R_13.jpg</path>
	<source>
		<database>Unknown</database>
	</source>
	<size>
		<width>499</width>
		<height>299</height>
		<depth>3</depth>
	</size>
	<segmented>0</segmented>
	<object>
		<name>with_helmet</name>
		<pose>Unspecified</pose>
		<truncated>0</truncated>
		<difficult>0</difficult>
		<bndbox>
			<xmin>322</xmin>
			<ymin>115</ymin>
			<xmax>361</xmax>
			<ymax>155</ymax>
		</bndbox>
	</object>
</annotation>
