<annotation>
	<folder>original_data</folder>
	<filename>f_A_C_1_R_46.jpg</filename>
	<path>/home/srjung/factory_data/original_data/f_A_C_1_R_46.jpg</path>
	<source>
		<database>Unknown</database>
	</source>
	<size>
		<width>275</width>
		<height>183</height>
		<depth>3</depth>
	</size>
	<segmented>0</segmented>
	<object>
		<name>with_helmet</name>
		<pose>Unspecified</pose>
		<truncated>0</truncated>
		<difficult>0</difficult>
		<bndbox>
			<xmin>62</xmin>
			<ymin>33</ymin>
			<xmax>112</xmax>
			<ymax>80</ymax>
		</bndbox>
	</object>
	<object>
		<name>with_helmet</name>
		<pose>Unspecified</pose>
		<truncated>0</truncated>
		<difficult>0</difficult>
		<bndbox>
			<xmin>147</xmin>
			<ymin>13</ymin>
			<xmax>184</xmax>
			<ymax>67</ymax>
		</bndbox>
	</object>
</annotation>
