<annotation>
	<folder>original_data</folder>
	<filename>f_A_C_1_R_22.jpg</filename>
	<path>/home/srjung/factory_data/original_data/f_A_C_1_R_22.jpg</path>
	<source>
		<database>Unknown</database>
	</source>
	<size>
		<width>640</width>
		<height>427</height>
		<depth>3</depth>
	</size>
	<segmented>0</segmented>
	<object>
		<name>with_helmet</name>
		<pose>Unspecified</pose>
		<truncated>0</truncated>
		<difficult>0</difficult>
		<bndbox>
			<xmin>431</xmin>
			<ymin>102</ymin>
			<xmax>563</xmax>
			<ymax>229</ymax>
		</bndbox>
	</object>
	<object>
		<name>with_helmet</name>
		<pose>Unspecified</pose>
		<truncated>0</truncated>
		<difficult>0</difficult>
		<bndbox>
			<xmin>349</xmin>
			<ymin>118</ymin>
			<xmax>445</xmax>
			<ymax>237</ymax>
		</bndbox>
	</object>
</annotation>
