<annotation>
	<folder>original_data</folder>
	<filename>f_A_C_1_R_43.jpg</filename>
	<path>/home/srjung/factory_data/original_data/f_A_C_1_R_43.jpg</path>
	<source>
		<database>Unknown</database>
	</source>
	<size>
		<width>639</width>
		<height>426</height>
		<depth>3</depth>
	</size>
	<segmented>0</segmented>
	<object>
		<name>without_helmet</name>
		<pose>Unspecified</pose>
		<truncated>0</truncated>
		<difficult>0</difficult>
		<bndbox>
			<xmin>125</xmin>
			<ymin>110</ymin>
			<xmax>175</xmax>
			<ymax>181</ymax>
		</bndbox>
	</object>
</annotation>
