<annotation>
	<folder>original_data</folder>
	<filename>f_A_C_1_R_41.jpg</filename>
	<path>/home/srjung/factory_data/original_data/f_A_C_1_R_41.jpg</path>
	<source>
		<database>Unknown</database>
	</source>
	<size>
		<width>640</width>
		<height>393</height>
		<depth>3</depth>
	</size>
	<segmented>0</segmented>
	<object>
		<name>with_helmet</name>
		<pose>Unspecified</pose>
		<truncated>0</truncated>
		<difficult>0</difficult>
		<bndbox>
			<xmin>115</xmin>
			<ymin>36</ymin>
			<xmax>230</xmax>
			<ymax>184</ymax>
		</bndbox>
	</object>
	<object>
		<name>with_helmet</name>
		<pose>Unspecified</pose>
		<truncated>0</truncated>
		<difficult>0</difficult>
		<bndbox>
			<xmin>302</xmin>
			<ymin>78</ymin>
			<xmax>365</xmax>
			<ymax>175</ymax>
		</bndbox>
	</object>
	<object>
		<name>with_helmet</name>
		<pose>Unspecified</pose>
		<truncated>1</truncated>
		<difficult>0</difficult>
		<bndbox>
			<xmin>438</xmin>
			<ymin>1</ymin>
			<xmax>596</xmax>
			<ymax>160</ymax>
		</bndbox>
	</object>
</annotation>
