<annotation>
	<folder>original_data</folder>
	<filename>f_A_C_1_R_3.jpg</filename>
	<path>/home/srjung/factory_data/original_data/f_A_C_1_R_3.jpg</path>
	<source>
		<database>Unknown</database>
	</source>
	<size>
		<width>568</width>
		<height>369</height>
		<depth>3</depth>
	</size>
	<segmented>0</segmented>
	<object>
		<name>with_helmet</name>
		<pose>Unspecified</pose>
		<truncated>0</truncated>
		<difficult>0</difficult>
		<bndbox>
			<xmin>447</xmin>
			<ymin>53</ymin>
			<xmax>496</xmax>
			<ymax>110</ymax>
		</bndbox>
	</object>
</annotation>
