<annotation>
	<folder>original_data</folder>
	<filename>f_A_C_1_R_45.jpg</filename>
	<path>/home/srjung/factory_data/original_data/f_A_C_1_R_45.jpg</path>
	<source>
		<database>Unknown</database>
	</source>
	<size>
		<width>1024</width>
		<height>695</height>
		<depth>3</depth>
	</size>
	<segmented>0</segmented>
	<object>
		<name>with_helmet</name>
		<pose>Unspecified</pose>
		<truncated>0</truncated>
		<difficult>0</difficult>
		<bndbox>
			<xmin>540</xmin>
			<ymin>12</ymin>
			<xmax>823</xmax>
			<ymax>386</ymax>
		</bndbox>
	</object>
	<object>
		<name>without_helmet</name>
		<pose>Unspecified</pose>
		<truncated>0</truncated>
		<difficult>0</difficult>
		<bndbox>
			<xmin>20</xmin>
			<ymin>244</ymin>
			<xmax>319</xmax>
			<ymax>551</ymax>
		</bndbox>
	</object>
</annotation>
