<annotation>
	<folder>original_data</folder>
	<filename>f_A_C_1_R_7.jpg</filename>
	<path>/home/srjung/factory_data/original_data/f_A_C_1_R_7.jpg</path>
	<source>
		<database>Unknown</database>
	</source>
	<size>
		<width>980</width>
		<height>700</height>
		<depth>3</depth>
	</size>
	<segmented>0</segmented>
	<object>
		<name>with_helmet</name>
		<pose>Unspecified</pose>
		<truncated>0</truncated>
		<difficult>0</difficult>
		<bndbox>
			<xmin>389</xmin>
			<ymin>104</ymin>
			<xmax>587</xmax>
			<ymax>317</ymax>
		</bndbox>
	</object>
	<object>
		<name>with_helmet</name>
		<pose>Unspecified</pose>
		<truncated>0</truncated>
		<difficult>0</difficult>
		<bndbox>
			<xmin>199</xmin>
			<ymin>150</ymin>
			<xmax>354</xmax>
			<ymax>332</ymax>
		</bndbox>
	</object>
</annotation>
